subject,trial,muscle,r_lag0,r_best,lag_s
subject3,walking1,soleus_l,0.7094403819334992,0.8231426968797385,0.1
subject3,walking1,gasmed_l,0.09653216119588796,0.25154991701658513,0.09
subject3,walking1,tibant_l,0.0037011642450565313,0.04748510002986572,0.12
subject3,walking1,recfem_l,-0.1302094687251309,-0.04314870520455851,0.05
subject3,walking1,vasmed_l,0.22907495583565637,0.22907495583565637,0.0
subject3,walking1,vaslat_l,0.3363874916885343,0.3363874916885343,0.0
subject3,walking1,semiten_l,0.43211056957894334,0.43211056957894334,0.0
subject3,walking1,bflh_l,-0.054940728970860164,-0.054940728970860164,0.0
subject3,walking1,glmed1_l,0.8672585760616749,0.9129012446559135,0.03
subject3,walking1,soleus_r,0.7996121300189365,0.7996121300189365,0.0
subject3,walking1,gasmed_r,0.1844150982838863,0.1844150982838863,0.0
subject3,walking1,vasmed_r,-0.15027327557969528,-0.12618264365622664,0.12
subject3,walking1,vaslat_r,-0.07609224623994434,-0.07609224623994434,0.0
subject3,walking1,semiten_r,0.9409690246948065,0.9409690246948065,0.0
subject3,walking1,bflh_r,0.6023024576499479,0.6023024576499479,0.0
subject3,walking1,glmed1_r,0.6028726047751053,0.6028726047751053,0.0
subject3,walking2,soleus_l,0.8756733774811035,0.8756733774811035,0.0
subject3,walking2,gasmed_l,0.027036339114152035,0.1968852322886028,0.1
subject3,walking2,tibant_l,0.2062795846886487,0.23809546704658074,0.12
subject3,walking2,recfem_l,0.08429041039773032,0.14600118823114108,0.04
subject3,walking2,vasmed_l,0.2496803829342692,0.2496803829342692,0.0
subject3,walking2,vaslat_l,0.2659374150078353,0.2659374150078353,0.0
subject3,walking2,semiten_l,0.6159699941390873,0.6159699941390873,0.0
subject3,walking2,bflh_l,0.27847957514938637,0.27847957514938637,0.0
subject3,walking2,glmed1_l,0.7141008059583713,0.8025221429408673,0.05
subject3,walking2,soleus_r,0.8333591079623508,0.8608482963917337,0.02
subject3,walking2,gasmed_r,-0.0638942928800911,0.005274629481240742,0.05
subject3,walking2,vasmed_r,-0.06107486553465104,-0.06107486553465104,0.0
subject3,walking2,vaslat_r,0.24201971319068388,0.24201971319068388,0.0
subject3,walking2,semiten_r,0.9137675480978028,0.9137675480978028,0.0
subject3,walking2,bflh_r,0.6989906798560507,0.6989906798560507,0.0
subject3,walking2,glmed1_r,0.48386321139021315,0.5587368428383097,0.1
subject3,walking3,soleus_l,0.8941412020792565,0.8941412020792565,0.0
subject3,walking3,gasmed_l,0.2008380045497079,0.5236338693147156,0.11
subject3,walking3,tibant_l,0.3233649681912105,0.32647082073281325,0.01
subject3,walking3,recfem_l,0.07010093290587524,0.14458867042054332,0.04
subject3,walking3,vasmed_l,0.4517515964869103,0.4517515964869103,0.0
subject3,walking3,vaslat_l,0.5287390177220699,0.5287390177220699,0.0
subject3,walking3,semiten_l,0.6497880702614856,0.6497880702614856,0.0
subject3,walking3,bflh_l,0.5684095098358105,0.5684095098358105,0.0
subject3,walking3,glmed1_l,0.8298769447923365,0.8419000657626196,0.02
subject3,walking3,soleus_r,0.6769766390103902,0.6769766390103902,0.0
subject3,walking3,gasmed_r,0.2943345669426933,0.2943345669426933,0.0
subject3,walking3,vasmed_r,-0.15876523552079236,-0.14958797937560706,0.09
subject3,walking3,vaslat_r,-0.05895493518163051,-0.05895493518163051,0.0
subject3,walking3,semiten_r,0.9382915263599549,0.9382915263599549,0.0
subject3,walking3,bflh_r,0.6048544132021524,0.6048544132021524,0.0
subject3,walking3,glmed1_r,0.6015118922415225,0.6015118922415225,0.0
subject3,walkingTS2,soleus_l,0.4400388302046229,0.5201931581214106,0.09
subject3,walkingTS2,gasmed_l,0.3398161639806372,0.3398161639806372,0.0
subject3,walkingTS2,tibant_l,0.1707343283257927,0.1707343283257927,0.0
subject3,walkingTS2,recfem_l,-0.26727966831945993,0.020334950298876116,0.12
subject3,walkingTS2,vasmed_l,0.28177401845984357,0.49539469712530715,0.12
subject3,walkingTS2,vaslat_l,0.2256402741004825,0.40392208774059835,0.12
subject3,walkingTS2,semiten_l,-0.12235837895620724,0.3522142950037024,0.12
subject3,walkingTS2,bflh_l,-0.31728119818888173,-0.31728119818888173,0.0
subject3,walkingTS2,glmed1_l,0.6001093932258781,0.6571990418374976,0.04
subject3,walkingTS2,soleus_r,0.42337763370728526,0.5556696509164777,0.07
subject3,walkingTS2,gasmed_r,0.3564163357138392,0.4250471262501991,0.12
subject3,walkingTS2,vasmed_r,0.18875784639667745,0.2905108031878414,0.12
subject3,walkingTS2,vaslat_r,0.3815708456773082,0.3815708456773082,0.0
subject3,walkingTS2,semiten_r,0.6122602800892398,0.6122602800892398,0.0
subject3,walkingTS2,bflh_r,-0.15877937451007468,-0.15877937451007468,0.0
subject3,walkingTS2,glmed1_r,0.57020601888654,0.57020601888654,0.0
subject3,walkingTS3,soleus_l,0.6218049722657091,0.6794084098537138,0.03
subject3,walkingTS3,gasmed_l,0.36442049594136294,0.36442049594136294,0.0
subject3,walkingTS3,tibant_l,0.2071321867264945,0.21226139793013796,0.02
subject3,walkingTS3,recfem_l,-0.17220172487605445,-0.17220172487605445,0.0
subject3,walkingTS3,vasmed_l,0.3129574211908409,0.3129574211908409,0.0
subject3,walkingTS3,vaslat_l,0.42513864252249817,0.42513864252249817,0.0
subject3,walkingTS3,semiten_l,-0.08885962603673309,-0.08014979579420602,0.12
subject3,walkingTS3,bflh_l,-0.41094126231231537,-0.41094126231231537,0.0
subject3,walkingTS3,glmed1_l,0.6168713073120704,0.6168713073120704,0.0
subject3,walkingTS3,soleus_r,0.5350751937825394,0.548175748968016,0.03
subject3,walkingTS3,gasmed_r,0.2193519673054233,0.24706464234968853,0.12
subject3,walkingTS3,vasmed_r,0.5554279586443983,0.5554279586443983,0.0
subject3,walkingTS3,vaslat_r,0.5594082423240198,0.5594082423240198,0.0
subject3,walkingTS3,semiten_r,0.44621866944080096,0.44621866944080096,0.0
subject3,walkingTS3,bflh_r,0.3148524560486244,0.3148524560486244,0.0
subject3,walkingTS3,glmed1_r,0.17695633231784497,0.17695633231784497,0.0
subject3,walkingTS4,soleus_l,0.5017312275383288,0.6824724581324547,0.06
subject3,walkingTS4,gasmed_l,0.28808042996976185,0.49965212945317056,0.12
subject3,walkingTS4,tibant_l,-0.17763733165782727,0.33567031919295787,0.12
subject3,walkingTS4,recfem_l,0.033483274127005795,0.033483274127005795,0.0
subject3,walkingTS4,vasmed_l,0.48565792300540794,0.48565792300540794,0.0
subject3,walkingTS4,vaslat_l,0.347225219823225,0.43229369187408,0.12
subject3,walkingTS4,semiten_l,0.36986005909415187,0.5151519787877838,0.12
subject3,walkingTS4,bflh_l,0.2204431043024427,0.2204431043024427,0.0
subject3,walkingTS4,glmed1_l,0.5571943155444811,0.5571943155444811,0.0
subject3,walkingTS4,soleus_r,0.5175131066525197,0.6429520224622647,0.07
subject3,walkingTS4,gasmed_r,0.06227886168112646,0.2859134840356043,0.12
subject3,walkingTS4,vasmed_r,0.056658512048828054,0.056658512048828054,0.0
subject3,walkingTS4,vaslat_r,0.21106705658272554,0.21106705658272554,0.0
subject3,walkingTS4,semiten_r,0.8489246798151894,0.8489246798151894,0.0
subject3,walkingTS4,bflh_r,0.3775323922704038,0.3775323922704038,0.0
subject3,walkingTS4,glmed1_r,0.1286417131421901,0.1286417131421901,0.0
subject4,walking1,soleus_l,0.7573283711018168,0.7573283711018168,0.0
subject4,walking1,gasmed_l,0.41301947941655215,0.7708417729730475,0.09
subject4,walking1,tibant_l,-0.02954561203441431,0.08149238424464797,0.06
subject4,walking1,recfem_l,0.8106773238243823,0.8153303580777883,0.01
subject4,walking1,vasmed_l,0.8574980251040315,0.8574980251040315,0.0
subject4,walking1,vaslat_l,0.8349532652658481,0.8349532652658481,0.0
subject4,walking1,semiten_l,0.8470797820071714,0.8470797820071714,0.0
subject4,walking1,bflh_l,0.909431848688944,0.909431848688944,0.0
subject4,walking1,glmed1_l,0.3481066561400008,0.6073315832102757,0.07
subject4,walking1,soleus_r,0.8045164677703097,0.8254979541041156,0.02
subject4,walking1,gasmed_r,0.6227333385398655,0.6227333385398655,0.0
subject4,walking1,vasmed_r,0.39236054626478434,0.4545808579138786,0.06
subject4,walking1,vaslat_r,0.3847675017267938,0.46651901256623707,0.08
subject4,walking1,semiten_r,0.6749338422121384,0.7317965088104318,0.02
subject4,walking1,bflh_r,0.6793112618328663,0.8682603178077182,0.05
subject4,walking1,glmed1_r,0.5043042559919475,0.5113615152627333,0.01
subject4,walking2,soleus_l,0.7392453761996232,0.7392453761996232,0.0
subject4,walking2,gasmed_l,0.6690347594129251,0.7585784978702703,0.05
subject4,walking2,tibant_l,-0.3732883789318719,0.05441210701987064,0.12
subject4,walking2,recfem_l,0.8684549546432772,0.8684549546432772,0.0
subject4,walking2,vasmed_l,0.8985708961934141,0.8985708961934141,0.0
subject4,walking2,vaslat_l,0.9210907822321628,0.9210907822321628,0.0
subject4,walking2,semiten_l,0.8933042706148048,0.9050184135576013,0.01
subject4,walking2,bflh_l,0.8236125317595941,0.8236125317595941,0.0
subject4,walking2,glmed1_l,0.38813428211994594,0.6185352654253525,0.07
subject4,walking2,soleus_r,0.7703756203497646,0.7896875568078987,0.02
subject4,walking2,gasmed_r,0.243936617035321,0.243936617035321,0.0
subject4,walking2,vasmed_r,0.15918263689349274,0.15918263689349274,0.0
subject4,walking2,vaslat_r,0.13179169931280946,0.13179169931280946,0.0
subject4,walking2,semiten_r,0.7642585099162247,0.8508856801257596,0.04
subject4,walking2,bflh_r,0.7141316367269247,0.8188717133374509,0.07
subject4,walking2,glmed1_r,0.18978124620332593,0.5288159835073453,0.11
subject4,walking4,soleus_l,0.6700631162327635,0.6814891883462671,0.02
subject4,walking4,gasmed_l,0.3635048356936445,0.8314952266418405,0.11
subject4,walking4,tibant_l,0.19393587586634844,0.5488526228122479,0.06
subject4,walking4,recfem_l,0.8060084233800754,0.8876748674213122,0.05
subject4,walking4,vasmed_l,0.8595219437250076,0.8595219437250076,0.0
subject4,walking4,vaslat_l,0.8568723311327276,0.8568723311327276,0.0
subject4,walking4,semiten_l,0.8649606359321154,0.8881832322871294,0.02
subject4,walking4,bflh_l,0.7519340842577299,0.7519340842577299,0.0
subject4,walking4,glmed1_l,0.44998405964882,0.6608081648640898,0.06
subject4,walking4,soleus_r,0.8466229967677229,0.8842335192179436,0.03
subject4,walking4,gasmed_r,0.5932016428228634,0.5932016428228634,0.0
subject4,walking4,vasmed_r,0.4669857243983079,0.6376720137684647,0.05
subject4,walking4,vaslat_r,0.6677085431529424,0.7064710845764145,0.02
subject4,walking4,semiten_r,0.5655559685769441,0.6118524158209596,0.06
subject4,walking4,bflh_r,0.6902849316314419,0.6902849316314419,0.0
subject4,walking4,glmed1_r,0.3992016583487381,0.5522034352844027,0.03
subject4,walkingTS1,soleus_l,0.749907432586925,0.7713840435008541,0.02
subject4,walkingTS1,gasmed_l,0.29306382518127244,0.7132813284510222,0.12
subject4,walkingTS1,tibant_l,-0.27312749434591893,0.08711988603293436,0.12
subject4,walkingTS1,recfem_l,-0.26921789929084233,0.04787402190098449,0.12
subject4,walkingTS1,vasmed_l,0.8899627702894686,0.8899627702894686,0.0
subject4,walkingTS1,vaslat_l,0.7552801523100532,0.7597651444099996,0.02
subject4,walkingTS1,semiten_l,0.5018202562631592,0.5018202562631592,0.0
subject4,walkingTS1,bflh_l,0.742850018558848,0.742850018558848,0.0
subject4,walkingTS1,glmed1_l,-0.07723762288828148,-0.07723762288828148,0.0
subject4,walkingTS1,soleus_r,0.7061747853786305,0.7163542027239309,0.02
subject4,walkingTS1,gasmed_r,0.38517366031842737,0.38517366031842737,0.0
subject4,walkingTS1,vasmed_r,0.4909965607067639,0.4909965607067639,0.0
subject4,walkingTS1,vaslat_r,0.5859245147998422,0.5859245147998422,0.0
subject4,walkingTS1,semiten_r,0.7690633716036894,0.7690633716036894,0.0
subject4,walkingTS1,bflh_r,0.7237141548077302,0.7237141548077302,0.0
subject4,walkingTS1,glmed1_r,0.2353828417012493,0.37828771052306703,0.12
subject4,walkingTS2,soleus_l,0.7155336049011656,0.7155336049011656,0.0
subject4,walkingTS2,gasmed_l,0.4358127837235656,0.6624719789521832,0.12
subject4,walkingTS2,tibant_l,-0.3765024153390097,0.09104197505817874,0.12
subject4,walkingTS2,recfem_l,0.06770331698670733,0.40217212661949053,0.07
subject4,walkingTS2,vasmed_l,0.8239905298985487,0.8239905298985487,0.0
subject4,walkingTS2,vaslat_l,0.8189763688812648,0.8189763688812648,0.0
subject4,walkingTS2,semiten_l,0.8032872292294184,0.8032872292294184,0.0
subject4,walkingTS2,bflh_l,0.8475696173961957,0.8475696173961957,0.0
subject4,walkingTS2,glmed1_l,0.07087837865131251,0.16456474169837657,0.06
subject4,walkingTS2,soleus_r,0.8567446421899446,0.8729716771010896,0.02
subject4,walkingTS2,gasmed_r,0.7025800250980839,0.7025800250980839,0.0
subject4,walkingTS2,vasmed_r,0.583281304031377,0.831319096071371,0.12
subject4,walkingTS2,vaslat_r,0.6893501485682463,0.7624512778346182,0.07
subject4,walkingTS2,semiten_r,0.8758996989030292,0.8758996989030292,0.0
subject4,walkingTS2,bflh_r,0.825196825241803,0.825196825241803,0.0
subject4,walkingTS2,glmed1_r,0.24426594001923918,0.3804650475864637,0.12
subject4,walkingTS3,soleus_l,0.8341810246927509,0.853339862675567,0.02
subject4,walkingTS3,gasmed_l,0.34346199035668984,0.7486205949077094,0.12
subject4,walkingTS3,tibant_l,-0.2941643542417768,-0.011456457521387645,0.12
subject4,walkingTS3,recfem_l,0.4209200824360719,0.5643024949711438,0.04
subject4,walkingTS3,vasmed_l,0.8485817967139153,0.8485817967139153,0.0
subject4,walkingTS3,vaslat_l,0.8316347225003752,0.8316347225003752,0.0
subject4,walkingTS3,semiten_l,0.7534011916827215,0.7837383095510227,0.03
subject4,walkingTS3,bflh_l,0.7875619254218099,0.7875619254218099,0.0
subject4,walkingTS3,glmed1_l,0.2341334576739507,0.2759310964462968,0.03
subject4,walkingTS3,soleus_r,0.650557182975974,0.8580721800629949,0.05
subject4,walkingTS3,gasmed_r,0.5707004980626534,0.5707004980626534,0.0
subject4,walkingTS3,vasmed_r,0.3315880405689286,0.3364897062638054,0.09
subject4,walkingTS3,vaslat_r,0.13399039635427665,0.2181105748344513,0.12
subject4,walkingTS3,semiten_r,0.6751037384254406,0.6751037384254406,0.0
subject4,walkingTS3,bflh_r,0.6714354114494293,0.6714354114494293,0.0
subject4,walkingTS3,glmed1_r,0.38216727601511824,0.5132162441438665,0.04
subject5,walking1,soleus_l,0.9681313443220011,0.9853691191736342,0.03
subject5,walking1,gasmed_l,0.7834945621292001,0.7834945621292001,0.0
subject5,walking1,tibant_l,0.09939910648594819,0.13829139406945098,0.04
subject5,walking1,recfem_l,-0.11571801518669521,0.06522292343710145,0.1
subject5,walking1,vasmed_l,0.04324125078566054,0.10410957757425944,0.1
subject5,walking1,vaslat_l,0.07093226798218273,0.07093226798218273,0.0
subject5,walking1,semiten_l,0.6943255432146674,0.7877290255346997,0.05
subject5,walking1,bflh_l,0.7984329571970332,0.8326445279440319,0.03
subject5,walking1,glmed1_l,-0.0041291288903912505,0.5113823455680332,0.12
subject5,walking1,soleus_r,0.8636118823026344,0.9160998120151782,0.02
subject5,walking1,gasmed_r,0.687425698945802,0.7971377615326821,0.05
subject5,walking1,vasmed_r,-0.0534692899776092,0.14803656250251057,0.12
subject5,walking1,vaslat_r,-0.1994705247499146,0.15501896860823805,0.1
subject5,walking1,semiten_r,0.8174387340878423,0.8174387340878423,0.0
subject5,walking1,bflh_r,0.9642656921383248,0.9642656921383248,0.0
subject5,walking1,glmed1_r,-0.3462366177118197,-0.1764597441629056,0.12
subject5,walking2,soleus_l,0.8463810405736383,0.9783301969054945,0.07
subject5,walking2,gasmed_l,0.701317980578104,0.701317980578104,0.0
subject5,walking2,tibant_l,0.276469949787719,0.3227353932668642,0.04
subject5,walking2,recfem_l,-0.03510559398948336,0.2565480876163571,0.12
subject5,walking2,vasmed_l,0.36863762326633026,0.38725591364723694,0.01
subject5,walking2,vaslat_l,0.3754800981959114,0.3807760857953208,0.01
subject5,walking2,semiten_l,0.6220148348601806,0.7617339118050429,0.04
subject5,walking2,bflh_l,0.7408873594193809,0.8260586911169884,0.03
subject5,walking2,glmed1_l,0.25776668190198837,0.6300510571364578,0.12
subject5,walking2,soleus_r,0.8065580858104558,0.8147147323037247,0.01
subject5,walking2,gasmed_r,0.6911693850050179,0.6911693850050179,0.0
subject5,walking2,vasmed_r,0.3325976792081752,0.3325976792081752,0.0
subject5,walking2,vaslat_r,-0.152447269555503,0.12882003882865345,0.09
subject5,walking2,semiten_r,0.7114184963587825,0.7114184963587825,0.0
subject5,walking2,bflh_r,0.9758430305449617,0.9758430305449617,0.0
subject5,walking2,glmed1_r,-0.21687185718982144,0.5503352897688463,0.12
subject5,walking3,soleus_l,0.9212946504689145,0.9620595092118704,0.04
subject5,walking3,gasmed_l,0.8195000894280358,0.8195000894280358,0.0
subject5,walking3,tibant_l,0.11883480351675095,0.12063005802961846,0.01
subject5,walking3,recfem_l,-0.07666890121428507,0.11734997629062562,0.1
subject5,walking3,vasmed_l,0.5338951763466303,0.5338951763466303,0.0
subject5,walking3,vaslat_l,0.37877136497818664,0.37877136497818664,0.0
subject5,walking3,semiten_l,0.7616013789197292,0.8527277084039795,0.03
subject5,walking3,bflh_l,0.7624864110488198,0.8436518026089322,0.03
subject5,walking3,glmed1_l,-0.07807750071413724,0.4889280968505842,0.12
subject5,walking3,soleus_r,0.8636655287721571,0.8636655287721571,0.0
subject5,walking3,gasmed_r,0.6251272146968481,0.6251272146968481,0.0
subject5,walking3,vasmed_r,0.2979526341726302,0.2979526341726302,0.0
subject5,walking3,vaslat_r,0.0452688155274262,0.0452688155274262,0.0
subject5,walking3,semiten_r,0.8950416855744253,0.8950416855744253,0.0
subject5,walking3,bflh_r,0.9642951527925175,0.9642951527925175,0.0
subject5,walking3,glmed1_r,-0.2923093102313837,0.3357934823560014,0.12
subject5,walkingTS1,soleus_l,0.8525590776559565,0.9001891219557976,0.03
subject5,walkingTS1,gasmed_l,0.8602244300476485,0.8602244300476485,0.0
subject5,walkingTS1,tibant_l,0.02029684737186016,0.020358608619132246,0.0
subject5,walkingTS1,recfem_l,0.20365670001080777,0.4077281948881219,0.08
subject5,walkingTS1,vasmed_l,0.5648900865044302,0.6988428778191734,0.11
subject5,walkingTS1,vaslat_l,0.6178628419510315,0.6764456859837554,0.06
subject5,walkingTS1,semiten_l,0.33279939542344084,0.33279939542344084,0.0
subject5,walkingTS1,bflh_l,0.8987923145503303,0.9026180922610749,0.01
subject5,walkingTS1,glmed1_l,-0.20713263343770907,0.06657211056820383,0.12
subject5,walkingTS1,soleus_r,0.9064311117009667,0.927731652620022,0.02
subject5,walkingTS1,gasmed_r,0.7263797238773383,0.7523734737013865,0.03
subject5,walkingTS1,vasmed_r,0.1657193830760854,0.3348546224233768,0.12
subject5,walkingTS1,vaslat_r,0.20375472509040715,0.26255201952267515,0.09
subject5,walkingTS1,semiten_r,0.8784224274600494,0.8784224274600494,0.0
subject5,walkingTS1,bflh_r,0.8808099350291175,0.8808099350291175,0.0
subject5,walkingTS1,glmed1_r,-0.2844490341600399,-0.06667632171855983,0.12
subject5,walkingTS2,soleus_l,0.9313547006339669,0.984174216266582,0.03
subject5,walkingTS2,gasmed_l,0.8287826980970235,0.8287826980970235,0.0
subject5,walkingTS2,tibant_l,-0.15283225140119855,-0.15283225140119855,0.0
subject5,walkingTS2,recfem_l,0.22513401977062816,0.3502789860140603,0.06
subject5,walkingTS2,vasmed_l,0.5977084905971438,0.5977084905971438,0.0
subject5,walkingTS2,vaslat_l,0.7119638924292967,0.7511004192684843,0.03
subject5,walkingTS2,semiten_l,0.6519225889479447,0.6519225889479447,0.0
subject5,walkingTS2,bflh_l,0.6216072918848524,0.6216072918848524,0.0
subject5,walkingTS2,glmed1_l,0.29677341335272006,0.5631301730597957,0.12
subject5,walkingTS2,soleus_r,0.9491463199374028,0.9491463199374028,0.0
subject5,walkingTS2,gasmed_r,0.7817765872756152,0.8183710283130117,0.05
subject5,walkingTS2,vasmed_r,0.17137394953722093,0.17137394953722093,0.0
subject5,walkingTS2,vaslat_r,0.15268094934592896,0.15268094934592896,0.0
subject5,walkingTS2,semiten_r,0.8752385311928726,0.8967405262130385,0.02
subject5,walkingTS2,bflh_r,0.9404090913371276,0.9404090913371276,0.0
subject5,walkingTS2,glmed1_r,0.48974561855044646,0.48974561855044646,0.0
subject5,walkingTS3,soleus_l,0.8588997300569017,0.9525057228354238,0.03
subject5,walkingTS3,gasmed_l,0.8283283318180338,0.8283283318180338,0.0
subject5,walkingTS3,tibant_l,-0.15327592184923122,-0.12410546374550048,0.12
subject5,walkingTS3,recfem_l,0.21063797453609312,0.41869177856451695,0.06
subject5,walkingTS3,vasmed_l,0.7701998578503274,0.7701998578503274,0.0
subject5,walkingTS3,vaslat_l,0.7702440818193231,0.7702440818193231,0.0
subject5,walkingTS3,semiten_l,0.6150273145440494,0.6150273145440494,0.0
subject5,walkingTS3,bflh_l,0.7770204858002537,0.8220856815827636,0.03
subject5,walkingTS3,glmed1_l,0.3706407662133574,0.6643248290507204,0.12
subject5,walkingTS3,soleus_r,0.6885943194827935,0.6885943194827935,0.0
subject5,walkingTS3,gasmed_r,0.8198958733900503,0.8198958733900503,0.0
subject5,walkingTS3,vasmed_r,0.14351682506829405,0.3038272360107248,0.12
subject5,walkingTS3,vaslat_r,0.09186244546405299,0.16769023403146835,0.12
subject5,walkingTS3,semiten_r,0.8429857792773422,0.8429857792773422,0.0
subject5,walkingTS3,bflh_r,0.9395876284900788,0.9395876284900788,0.0
subject5,walkingTS3,glmed1_r,0.01145581912287003,0.37020070769912894,0.12
subject7,walking1,soleus_l,0.8401521449478676,0.8401521449478676,0.0
subject7,walking1,gasmed_l,0.6605045962897577,0.6605045962897577,0.0
subject7,walking1,tibant_l,-0.41203905659840445,-0.051230807447679313,0.12
subject7,walking1,recfem_l,0.19417125981701266,0.32120986406614316,0.05
subject7,walking1,vasmed_l,0.8183465826315217,0.8217512529488203,0.01
subject7,walking1,vaslat_l,0.8545435237741922,0.8642077516360778,0.01
subject7,walking1,semiten_l,0.4250986714949722,0.6650713200667118,0.06
subject7,walking1,bflh_l,0.6612218477574254,0.6612218477574254,0.0
subject7,walking1,glmed1_l,0.7909005916449752,0.8640309668663353,0.04
subject7,walking1,soleus_r,0.8403293085992317,0.8403293085992317,0.0
subject7,walking1,gasmed_r,0.6424596229543409,0.6424596229543409,0.0
subject7,walking1,vasmed_r,0.29249764974930054,0.315175007758299,0.03
subject7,walking1,vaslat_r,0.42641797227556694,0.44010861519058253,0.02
subject7,walking1,semiten_r,0.9358191047514652,0.9358191047514652,0.0
subject7,walking1,bflh_r,0.8641897347268399,0.8641897347268399,0.0
subject7,walking1,glmed1_r,0.8369112818857192,0.8369112818857192,0.0
subject7,walking2,soleus_l,0.8766539920911998,0.8850514882210149,0.02
subject7,walking2,gasmed_l,0.8492010353445766,0.8491997522180401,0.0
subject7,walking2,tibant_l,-0.3067310539688766,-0.2211765397480619,0.12
subject7,walking2,recfem_l,0.10438644829146478,0.3456966882603665,0.06
subject7,walking2,vasmed_l,0.8708291706289321,0.8708291706289321,0.0
subject7,walking2,vaslat_l,0.8574530794549685,0.8574530794549685,0.0
subject7,walking2,semiten_l,0.6711029552008088,0.7867772567209398,0.03
subject7,walking2,bflh_l,0.37080389534211866,0.37080389534211866,0.0
subject7,walking2,glmed1_l,0.8236459516993943,0.9019876728700655,0.05
subject7,walking2,soleus_r,0.8898106204052486,0.8898106204052486,0.0
subject7,walking2,gasmed_r,0.90284414593849,0.90284414593849,0.0
subject7,walking2,vasmed_r,0.2971234958052466,0.6077244543628129,0.12
subject7,walking2,vaslat_r,0.5309841496570428,0.7225638386985312,0.12
subject7,walking2,semiten_r,0.9272414546279022,0.9670569650331695,0.02
subject7,walking2,bflh_r,0.9443516645772526,0.9443516645772526,0.0
subject7,walking2,glmed1_r,0.8950583347321316,0.9205662005049644,0.02
subject7,walking3,soleus_l,0.7346245251610382,0.7346245251610382,0.0
subject7,walking3,gasmed_l,0.6877692505607641,0.6958059326662334,0.02
subject7,walking3,tibant_l,-0.29470385286207823,-0.09694351341452721,0.12
subject7,walking3,recfem_l,0.05961833996215408,0.22755456039225533,0.07
subject7,walking3,vasmed_l,0.40294122262001425,0.40294122262001425,0.0
subject7,walking3,vaslat_l,0.4357353401084102,0.46107801623947536,0.03
subject7,walking3,semiten_l,0.540112339309845,0.7831002539874458,0.05
subject7,walking3,bflh_l,0.24509858224177403,0.24509858224177403,0.0
subject7,walking3,glmed1_l,0.7015277693116676,0.8912437772634592,0.07
subject7,walking3,soleus_r,0.8588418629893089,0.8662307592621455,0.01
subject7,walking3,gasmed_r,0.8131624631063846,0.8131624631063846,0.0
subject7,walking3,vasmed_r,0.3740454726032404,0.39704999085510934,0.01
subject7,walking3,vaslat_r,0.2751211149412697,0.5174867342882931,0.12
subject7,walking3,semiten_r,0.9379338119908165,0.9880204955316112,0.02
subject7,walking3,bflh_r,0.9408056713591474,0.9408056713591474,0.0
subject7,walking3,glmed1_r,0.858951155520324,0.8615793666120685,0.01
subject7,walkingTS1,soleus_l,0.6133308655128495,0.7291093746638316,0.06
subject7,walkingTS1,gasmed_l,0.3511381568706389,0.6731093985308036,0.12
subject7,walkingTS1,tibant_l,0.573265484649737,0.573265484649737,0.0
subject7,walkingTS1,recfem_l,-0.04306070225970555,0.1197943079403348,0.06
subject7,walkingTS1,vasmed_l,0.9536071625103433,0.9536071625103433,0.0
subject7,walkingTS1,vaslat_l,0.9513967464584916,0.9513967464584916,0.0
subject7,walkingTS1,semiten_l,0.44615114569022823,0.44615114569022823,0.0
subject7,walkingTS1,bflh_l,-0.1112940357688069,-0.1112940357688069,0.0
subject7,walkingTS1,glmed1_l,0.5559870464215321,0.6244743131581165,0.06
subject7,walkingTS1,soleus_r,0.5950823546593591,0.7565400598614399,0.05
subject7,walkingTS1,gasmed_r,0.5798893050305728,0.5798893050305728,0.0
subject7,walkingTS1,vasmed_r,0.8382736592562023,0.8496224341158717,0.08
subject7,walkingTS1,vaslat_r,0.876474550064187,0.876474550064187,0.0
subject7,walkingTS1,semiten_r,0.4272310436063775,0.49304357634982926,0.05
subject7,walkingTS1,bflh_r,0.2859168857279982,0.2859168857279982,0.0
subject7,walkingTS1,glmed1_r,0.7197836524449661,0.7197836524449661,0.0
subject7,walkingTS2,soleus_l,0.3898798379405533,0.595540972393194,0.05
subject7,walkingTS2,gasmed_l,0.7079127903339787,0.879434362755668,0.07
subject7,walkingTS2,tibant_l,-0.1443978283249422,-0.1443978283249422,0.0
subject7,walkingTS2,recfem_l,-0.19106379979536964,-0.13975146925677487,0.06
subject7,walkingTS2,vasmed_l,0.8558940369259809,0.912315257914504,0.04
subject7,walkingTS2,vaslat_l,0.7642646109794321,0.9169264947335314,0.05
subject7,walkingTS2,semiten_l,0.6933437541774221,0.6933437541774221,0.0
subject7,walkingTS2,bflh_l,0.04976238853786715,0.04976238853786715,0.0
subject7,walkingTS2,glmed1_l,0.8235331510414713,0.8235331510414713,0.0
subject7,walkingTS2,soleus_r,0.6829083030137749,0.7838852940594884,0.07
subject7,walkingTS2,gasmed_r,-0.024825454333110567,0.06074057816843366,0.11
subject7,walkingTS2,vasmed_r,0.9169630098468757,0.9169630098468757,0.0
subject7,walkingTS2,vaslat_r,0.897294047009713,0.9044388101086691,0.02
subject7,walkingTS2,semiten_r,0.493854391225914,0.493854391225914,0.0
subject7,walkingTS2,bflh_r,0.1993981150927041,0.1993981150927041,0.0
subject7,walkingTS2,glmed1_r,0.5608465731444816,0.5608465731444816,0.0
subject7,walkingTS3,soleus_l,0.8441932175712127,0.8710440153496624,0.03
subject7,walkingTS3,gasmed_l,0.560578212659506,0.6153935843375518,0.06
subject7,walkingTS3,tibant_l,0.039941098608196925,0.039941098608196925,0.0
subject7,walkingTS3,recfem_l,0.07247207881907639,0.1169711504187697,0.04
subject7,walkingTS3,vasmed_l,0.8771773097510356,0.9126967804203938,0.03
subject7,walkingTS3,vaslat_l,0.8423421565778942,0.9015106379616615,0.03
subject7,walkingTS3,semiten_l,0.36536678541306455,0.36536678541306455,0.0
subject7,walkingTS3,bflh_l,0.18998931364938798,0.18998931364938798,0.0
subject7,walkingTS3,glmed1_l,0.6232570583657034,0.6232570583657034,0.0
subject7,walkingTS3,soleus_r,0.7044157579913536,0.8860840250109918,0.08
subject7,walkingTS3,gasmed_r,0.31833348361024816,0.31833348361024816,0.0
subject7,walkingTS3,vasmed_r,0.7841287265721902,0.8280728860125691,0.06
subject7,walkingTS3,vaslat_r,0.8074287134270136,0.8571846106212854,0.05
subject7,walkingTS3,semiten_r,0.29535740561983787,0.29535740561983787,0.0
subject7,walkingTS3,bflh_r,-0.04965177438485001,-0.04965177438485001,0.0
subject7,walkingTS3,glmed1_r,0.8735718117041944,0.8735718117041944,0.0
subject8,walking1,soleus_l,0.4700697946182382,0.5272803536333016,0.03
subject8,walking1,gasmed_l,0.3617436278245603,0.796830106481265,0.12
subject8,walking1,tibant_l,-0.0810631068357696,0.47029697229101414,0.12
subject8,walking1,recfem_l,-0.2405045484568794,0.048456070745237376,0.11
subject8,walking1,vasmed_l,0.29903211818247843,0.6296908210625399,0.07
subject8,walking1,vaslat_l,0.4623584858786626,0.6333350832302718,0.11
subject8,walking1,semiten_l,0.9045876223621101,0.9045876223621101,0.0
subject8,walking1,bflh_l,0.8647129875712818,0.8647129875712818,0.0
subject8,walking1,glmed1_l,0.5191981588633044,0.6884012750947242,0.07
subject8,walking1,soleus_r,0.699794562273989,0.7293985349609359,0.03
subject8,walking1,gasmed_r,0.7619876444851252,0.7619876444851252,0.0
subject8,walking1,vasmed_r,0.08231511701516937,0.25317732455640113,0.12
subject8,walking1,vaslat_r,0.19702486219232376,0.404026987120121,0.12
subject8,walking1,semiten_r,0.921329549416841,0.921329549416841,0.0
subject8,walking1,bflh_r,0.42001261298147796,0.42001261298147796,0.0
subject8,walking1,glmed1_r,0.5761890839314237,0.6842570623384039,0.05
subject8,walking2,soleus_l,0.6421827542099035,0.6421827542099035,0.0
subject8,walking2,gasmed_l,0.7106366823586476,0.799443043982057,0.12
subject8,walking2,tibant_l,-0.08608417630265221,0.07808275231859614,0.12
subject8,walking2,recfem_l,-0.3834444396215426,0.08225508095653261,0.12
subject8,walking2,vasmed_l,0.3635214007995837,0.5185664873538552,0.11
subject8,walking2,vaslat_l,0.5684395323584926,0.5948988636823384,0.03
subject8,walking2,semiten_l,0.9209262900858739,0.9209262900858739,0.0
subject8,walking2,bflh_l,0.8926854721216468,0.8926854721216468,0.0
subject8,walking2,glmed1_l,0.5765702031384555,0.7839478437437426,0.07
subject8,walking2,soleus_r,0.6687018286162265,0.6687018286162265,0.0
subject8,walking2,gasmed_r,0.5432723484652892,0.5432723484652892,0.0
subject8,walking2,vasmed_r,0.18602617416841022,0.24246960127078934,0.12
subject8,walking2,vaslat_r,0.2584898685499884,0.39604336012654245,0.12
subject8,walking2,semiten_r,0.2643081502725081,0.2643081502725081,0.0
subject8,walking2,bflh_r,0.4428294560434419,0.4428294560434419,0.0
subject8,walking2,glmed1_r,0.5409223270676886,0.5839307137111778,0.02
subject8,walking3,soleus_l,0.6510548776653847,0.727471118806706,0.04
subject8,walking3,gasmed_l,0.47394987479216016,0.5287460959989599,0.12
subject8,walking3,tibant_l,-0.16432404164108247,-0.06441506239525514,0.12
subject8,walking3,recfem_l,-0.2155663887299659,0.33462781792896135,0.12
subject8,walking3,vasmed_l,0.28101525918198805,0.28101525918198805,0.0
subject8,walking3,vaslat_l,0.3010726796780094,0.34872781715953727,0.04
subject8,walking3,semiten_l,0.8114712367712897,0.8114712367712897,0.0
subject8,walking3,bflh_l,0.7942890541117364,0.7942890541117364,0.0
subject8,walking3,glmed1_l,0.7021582431324291,0.853987342068638,0.06
subject8,walking3,soleus_r,0.7583237141902498,0.7583237141902498,0.0
subject8,walking3,gasmed_r,0.3807539341052746,0.3807479343657916,0.0
subject8,walking3,vasmed_r,0.16028594187519815,0.16028594187519815,0.0
subject8,walking3,vaslat_r,0.10763877299960725,0.10763877299960725,0.0
subject8,walking3,semiten_r,0.1242241195437735,0.1242241195437735,0.0
subject8,walking3,bflh_r,0.11008974615767736,0.11008974615767736,0.0
subject8,walking3,glmed1_r,0.7221558819682934,0.7221558819682934,0.0
subject8,walkingTS1,soleus_l,0.8329976458211197,0.9051370115852255,0.04
subject8,walkingTS1,gasmed_l,0.07594123309990312,0.07978554742757789,0.02
subject8,walkingTS1,tibant_l,-0.21332358474041352,-0.21332358474041352,0.0
subject8,walkingTS1,recfem_l,-0.0942799945316731,0.3414340566928854,0.09
subject8,walkingTS1,vasmed_l,0.7872462580328642,0.8457096117314327,0.03
subject8,walkingTS1,vaslat_l,0.7636407516571472,0.7636407516571472,0.0
subject8,walkingTS1,semiten_l,0.21184016988001556,0.21184016988001556,0.0
subject8,walkingTS1,bflh_l,-0.05677123967492602,-0.05677123967492602,0.0
subject8,walkingTS1,glmed1_l,0.28587270174544865,0.3162496690983575,0.03
subject8,walkingTS1,soleus_r,0.7778073057375225,0.7778073057375225,0.0
subject8,walkingTS1,gasmed_r,0.4568835632903439,0.4568835632903439,0.0
subject8,walkingTS1,vasmed_r,-0.17629525896465262,0.09472706226228701,0.08
subject8,walkingTS1,vaslat_r,0.04807716862027888,0.26409443615673783,0.07
subject8,walkingTS1,semiten_r,0.5103338215408724,0.5103338215408724,0.0
subject8,walkingTS1,bflh_r,0.3429247143765987,0.3429247143765987,0.0
subject8,walkingTS1,glmed1_r,-0.44623053705303406,-0.07642364027664246,0.12
subject8,walkingTS2,soleus_l,0.8809599059280842,0.884036723858641,0.01
subject8,walkingTS2,gasmed_l,0.08813695592161876,0.17459310629353333,0.12
subject8,walkingTS2,tibant_l,-0.025780953188971476,-0.025780953188971476,0.0
subject8,walkingTS2,recfem_l,-0.004798082364604538,0.4219971686931703,0.09
subject8,walkingTS2,vasmed_l,0.478299409380927,0.478299409380927,0.0
subject8,walkingTS2,vaslat_l,0.4785795070725606,0.4785795070725606,0.0
subject8,walkingTS2,semiten_l,0.44235246755321,0.44235246755321,0.0
subject8,walkingTS2,bflh_l,0.19478990759269063,0.19478990759269063,0.0
subject8,walkingTS2,glmed1_l,0.5348612852353948,0.707997977664169,0.06
subject8,walkingTS2,soleus_r,0.7186052144807652,0.7186052144807652,0.0
subject8,walkingTS2,gasmed_r,0.31249408766921893,0.31249408766921893,0.0
subject8,walkingTS2,vasmed_r,0.011321799333580174,0.134043824536696,0.12
subject8,walkingTS2,vaslat_r,0.05359814081268228,0.33942311933596525,0.12
subject8,walkingTS2,semiten_r,0.054047400542317034,0.054047400542317034,0.0
subject8,walkingTS2,bflh_r,0.3993523694447219,0.3993523694447219,0.0
subject8,walkingTS2,glmed1_r,-0.46841636419041544,0.1337706326775189,0.12
subject8,walkingTS3,soleus_l,0.6577735332679567,0.873539824300061,0.06
subject8,walkingTS3,gasmed_l,0.3029944456358114,0.3029944456358114,0.0
subject8,walkingTS3,tibant_l,-0.06472415428512258,0.01589756945638591,0.12
subject8,walkingTS3,recfem_l,-0.40010077300870034,-0.1360008778954543,0.12
subject8,walkingTS3,vasmed_l,0.42235187333946717,0.5298299344353007,0.06
subject8,walkingTS3,vaslat_l,0.37831429019699114,0.5598153010610919,0.1
subject8,walkingTS3,semiten_l,0.2135671552560746,0.2135671552560746,0.0
subject8,walkingTS3,bflh_l,0.10926846751566331,0.10926846751566331,0.0
subject8,walkingTS3,glmed1_l,0.5399894423622422,0.7082205933592207,0.06
subject8,walkingTS3,soleus_r,0.5316242868801396,0.5316242868801396,0.0
subject8,walkingTS3,gasmed_r,0.49042760351766607,0.49042760351766607,0.0
subject8,walkingTS3,vasmed_r,0.040060014529230116,0.08710595924295547,0.1
subject8,walkingTS3,vaslat_r,0.14305090949464933,0.1544453145401643,0.1
subject8,walkingTS3,semiten_r,0.18663650074398383,0.18663650074398383,0.0
subject8,walkingTS3,bflh_r,0.5183149591775735,0.5183149591775735,0.0
subject8,walkingTS3,glmed1_r,-0.23433643527150574,0.2862825682569425,0.12
subject10,walking1,soleus_l,0.721585536202525,0.721585536202525,0.0
subject10,walking1,gasmed_l,0.4464402355546205,0.5712807504042865,0.09
subject10,walking1,tibant_l,-0.06836326828352274,-0.06836326828352274,0.0
subject10,walking1,recfem_l,-0.18296119572380673,0.3010263158744643,0.12
subject10,walking1,vasmed_l,0.3166203366360542,0.32134264374296156,0.01
subject10,walking1,vaslat_l,0.2926791104125906,0.3847297259679782,0.1
subject10,walking1,semiten_l,0.8341280844331129,0.8565308646182899,0.01
subject10,walking1,bflh_l,0.811975014385632,0.811975014385632,0.0
subject10,walking1,glmed1_l,0.5018334346708864,0.6344726500159255,0.06
subject10,walking1,soleus_r,0.8202955809365087,0.8202955809365087,0.0
subject10,walking1,gasmed_r,0.5109018790499739,0.5109018790499739,0.0
subject10,walking1,vasmed_r,0.0432627165170096,0.0432627165170096,0.0
subject10,walking1,vaslat_r,-0.06995041815028574,0.10020462039300027,0.12
subject10,walking1,semiten_r,0.5826187492295011,0.5826187492295011,0.0
subject10,walking1,bflh_r,0.47737782396302536,0.47737782396302536,0.0
subject10,walking1,glmed1_r,0.5976539194646725,0.5976539194646725,0.0
subject10,walking2,soleus_l,0.7309144206667391,0.7465114251780921,0.03
subject10,walking2,gasmed_l,0.5357298288522107,0.6108139286789389,0.05
subject10,walking2,tibant_l,-0.23900404151415047,-0.23900404151415047,0.0
subject10,walking2,recfem_l,0.12780071239382135,0.5096319441368082,0.07
subject10,walking2,vasmed_l,0.2505871662125459,0.2641868280538058,0.02
subject10,walking2,vaslat_l,0.3626185662218069,0.36922142345628306,0.01
subject10,walking2,semiten_l,0.8676587595594468,0.8676587595594468,0.0
subject10,walking2,bflh_l,0.914319972122749,0.914319972122749,0.0
subject10,walking2,glmed1_l,0.7068590494083655,0.8297984534089585,0.04
subject10,walking2,soleus_r,0.8253877843609913,0.8253877843609913,0.0
subject10,walking2,gasmed_r,0.6647507944046986,0.6647507944046986,0.0
subject10,walking2,vasmed_r,-0.12432906503595512,0.3241871155686813,0.12
subject10,walking2,vaslat_r,0.021820649717150715,0.4592864726728588,0.12
subject10,walking2,semiten_r,0.6397576093316654,0.6397576093316654,0.0
subject10,walking2,bflh_r,0.9483663728058479,0.9642317897675576,0.02
subject10,walking2,glmed1_r,0.7555543190986546,0.7992845065977465,0.03
subject10,walking3,soleus_l,0.5591210392401222,0.5608431922753568,0.01
subject10,walking3,gasmed_l,0.29927533248832966,0.5538722923037411,0.1
subject10,walking3,tibant_l,-0.08861236738604704,-0.08861236738604704,0.0
subject10,walking3,recfem_l,-0.006540170447470896,0.44434033821368313,0.12
subject10,walking3,vasmed_l,0.40340669565750636,0.4101831301383538,0.01
subject10,walking3,vaslat_l,0.45010177678220165,0.45010177678220165,0.0
subject10,walking3,semiten_l,0.886556069203772,0.886556069203772,0.0
subject10,walking3,bflh_l,0.7133149570292121,0.7133149570292121,0.0
subject10,walking3,glmed1_l,0.5543142803980569,0.7412546432221909,0.06
subject10,walking3,soleus_r,0.7932882955172686,0.7984533579774334,0.01
subject10,walking3,gasmed_r,0.7597066341174588,0.7597066341174588,0.0
subject10,walking3,vasmed_r,-0.01143946467295434,0.2970191769576075,0.11
subject10,walking3,vaslat_r,0.027253713119050626,0.38773634901841686,0.12
subject10,walking3,semiten_r,0.9164191100371346,0.9164191100371346,0.0
subject10,walking3,bflh_r,0.8926936051775779,0.9203195013328903,0.02
subject10,walking3,glmed1_r,0.6901736192195371,0.6985232399858191,0.01
subject10,walkingTS1,soleus_l,0.6605182639108849,0.6964063572211843,0.1
subject10,walkingTS1,gasmed_l,0.27000180053875744,0.39933272561493477,0.12
subject10,walkingTS1,tibant_l,0.18486439336848337,0.3436201499318879,0.11
subject10,walkingTS1,recfem_l,0.14561461348760577,0.597721091090111,0.07
subject10,walkingTS1,vasmed_l,-0.03315387624482561,-0.03315387624482561,0.0
subject10,walkingTS1,vaslat_l,0.10294103942016648,0.10294103942016648,0.0
subject10,walkingTS1,semiten_l,0.6138340455392863,0.6138340455392863,0.0
subject10,walkingTS1,bflh_l,0.4598352376243016,0.4598352376243016,0.0
subject10,walkingTS1,glmed1_l,0.7891482444593246,0.7891482444593246,0.0
subject10,walkingTS1,soleus_r,0.8689698560704108,0.8867421188617131,0.02
subject10,walkingTS1,gasmed_r,0.4514153875571841,0.6440652560732739,0.08
subject10,walkingTS1,vasmed_r,0.4452360006741501,0.45868482188159876,0.02
subject10,walkingTS1,vaslat_r,0.47736443081937596,0.47736443081937596,0.0
subject10,walkingTS1,semiten_r,0.4961802091105935,0.4961802091105935,0.0
subject10,walkingTS1,bflh_r,0.8224585456345059,0.8224585456345059,0.0
subject10,walkingTS1,glmed1_r,0.6857272171728842,0.6857272171728842,0.0
subject10,walkingTS2,soleus_l,0.6061366088498386,0.6852892314325022,0.03
subject10,walkingTS2,gasmed_l,0.4812752356167929,0.48994628328364737,0.01
subject10,walkingTS2,tibant_l,-0.0683832723678357,-0.04733035977151786,0.12
subject10,walkingTS2,recfem_l,-0.18410059045910065,0.03934530381104614,0.09
subject10,walkingTS2,vasmed_l,0.5320206724024633,0.6781448217966572,0.04
subject10,walkingTS2,vaslat_l,0.6766446360000811,0.7373241189580575,0.03
subject10,walkingTS2,semiten_l,0.7037968398049564,0.7037968398049564,0.0
subject10,walkingTS2,bflh_l,0.5098254830570479,0.5098254830570479,0.0
subject10,walkingTS2,glmed1_l,0.4802810719764422,0.497050773512626,0.02
subject10,walkingTS2,soleus_r,0.6424435718164792,0.6513818124090606,0.01
subject10,walkingTS2,gasmed_r,0.5175305663360512,0.6813913338612841,0.08
subject10,walkingTS2,vasmed_r,0.13198005841239505,0.13198005841239505,0.0
subject10,walkingTS2,vaslat_r,0.028435729161190096,0.12245555303104948,0.07
subject10,walkingTS2,semiten_r,0.5971112056130051,0.5971112056130051,0.0
subject10,walkingTS2,bflh_r,0.8505075330168876,0.8505075330168876,0.0
subject10,walkingTS2,glmed1_r,0.9253839944998908,0.931360773746866,0.01
subject10,walkingTS3,soleus_l,0.666165920370925,0.6693167904042073,0.01
subject10,walkingTS3,gasmed_l,0.3295982858438099,0.531932118589313,0.12
subject10,walkingTS3,tibant_l,-0.1658845812088538,-0.058310571824492285,0.12
subject10,walkingTS3,recfem_l,-0.11971798677635483,-0.021113030293285123,0.05
subject10,walkingTS3,vasmed_l,0.42343852557009015,0.6393239097937875,0.06
subject10,walkingTS3,vaslat_l,0.5974272583384037,0.70602877539629,0.04
subject10,walkingTS3,semiten_l,0.5776279823837538,0.6286569564594218,0.02
subject10,walkingTS3,bflh_l,0.177710816670614,0.177710816670614,0.0
subject10,walkingTS3,glmed1_l,0.5126880571924031,0.7501858076317943,0.12
subject10,walkingTS3,soleus_r,0.7490861700343929,0.7911483510325118,0.03
subject10,walkingTS3,gasmed_r,0.29376018065380727,0.7025994474894381,0.09
subject10,walkingTS3,vasmed_r,0.027348307314413022,0.08560991562636222,0.12
subject10,walkingTS3,vaslat_r,0.1591903177171112,0.1923763378876438,0.04
subject10,walkingTS3,semiten_r,0.8913136292686314,0.8913136292686314,0.0
subject10,walkingTS3,bflh_r,0.8664612435372271,0.8664612435372271,0.0
subject10,walkingTS3,glmed1_r,0.8969930348874963,0.9303969918318591,0.02
subject11,walking2,soleus_l,0.5898313984507167,0.6301228026839812,0.03
subject11,walking2,gasmed_l,0.7827480753133964,0.8748789999322053,0.11
subject11,walking2,tibant_l,0.018491802132972388,0.018491802132972388,0.0
subject11,walking2,recfem_l,0.0044770274200875565,0.3994257826969309,0.09
subject11,walking2,vasmed_l,0.8183499924338603,0.8183499924338603,0.0
subject11,walking2,vaslat_l,0.8702983437539992,0.8702983437539992,0.0
subject11,walking2,semiten_l,0.8713641651771316,0.8842577183661929,0.01
subject11,walking2,bflh_l,0.9097074664158007,0.9097074664158007,0.0
subject11,walking2,glmed1_l,0.46785246306190537,0.5850198418614728,0.04
subject11,walking2,soleus_r,0.871665775377455,0.9388335349022179,0.03
subject11,walking2,gasmed_r,0.7336137566242988,0.7336137566242988,0.0
subject11,walking2,vasmed_r,0.4194501695655372,0.4710186285444362,0.04
subject11,walking2,vaslat_r,0.3776357804210291,0.38842416663527585,0.02
subject11,walking2,semiten_r,0.9782062941901272,0.983033680107488,0.01
subject11,walking2,bflh_r,0.9724266747913135,0.9885328456555075,0.02
subject11,walking2,glmed1_r,0.6422034275962999,0.8702822117024133,0.05
subject11,walking3,soleus_l,0.5699242047600602,0.5997216537597251,0.05
subject11,walking3,gasmed_l,0.76408620171416,0.8364053588329892,0.06
subject11,walking3,tibant_l,0.06137761394930213,0.06137761394930213,0.0
subject11,walking3,recfem_l,0.11523418740288885,0.6583313157064518,0.12
subject11,walking3,vasmed_l,0.8844363650690411,0.8844363650690411,0.0
subject11,walking3,vaslat_l,0.8281302798646085,0.8281302798646085,0.0
subject11,walking3,semiten_l,0.7915472333037259,0.821771570217812,0.03
subject11,walking3,bflh_l,0.8629716865599025,0.8818640406380477,0.03
subject11,walking3,glmed1_l,0.6903159222855816,0.8230218151397392,0.05
subject11,walking3,soleus_r,0.9339141540151042,0.9339141540151042,0.0
subject11,walking3,gasmed_r,0.5419719591734893,0.5419719591734893,0.0
subject11,walking3,vasmed_r,0.265874141817571,0.265874141817571,0.0
subject11,walking3,vaslat_r,0.2416080639948854,0.25097325342762716,0.01
subject11,walking3,semiten_r,0.9325106648218497,0.9487165156254722,0.01
subject11,walking3,bflh_r,0.9613873818979831,0.9613873818979831,0.0
subject11,walking3,glmed1_r,0.6161188046355394,0.6161188046355394,0.0
subject11,walking4,soleus_l,0.7065036519360914,0.759031430787314,0.04
subject11,walking4,gasmed_l,0.6550722544641564,0.6550722544641564,0.0
subject11,walking4,tibant_l,0.07535743809431769,0.07535743809431769,0.0
subject11,walking4,recfem_l,0.148192640339527,0.5089188879487561,0.08
subject11,walking4,vasmed_l,0.8175916395140159,0.8175916395140159,0.0
subject11,walking4,vaslat_l,0.8286490185245052,0.8286490185245052,0.0
subject11,walking4,semiten_l,0.7431571355358815,0.7431571355358815,0.0
subject11,walking4,bflh_l,0.8462676851759746,0.8462676851759746,0.0
subject11,walking4,glmed1_l,0.6060108829793981,0.6718311466911526,0.04
subject11,walking4,soleus_r,0.8759805417845985,0.8759805417845985,0.0
subject11,walking4,gasmed_r,0.6690307883957994,0.6690307883957994,0.0
subject11,walking4,vasmed_r,0.8630023582077252,0.8941359469816551,0.02
subject11,walking4,vaslat_r,0.696881915250981,0.8053713088285921,0.03
subject11,walking4,semiten_r,0.9498578900463268,0.9498578900463268,0.0
subject11,walking4,bflh_r,0.9740494025120556,0.9740494025120556,0.0
subject11,walking4,glmed1_r,0.8311541488268734,0.8884132106600663,0.02
subject11,walkingTS1,soleus_l,0.725148758232532,0.725148758232532,0.0
subject11,walkingTS1,gasmed_l,-0.0032649137279445965,0.001039086264216504,0.03
subject11,walkingTS1,tibant_l,0.5528509304951558,0.5528509304951558,0.0
subject11,walkingTS1,recfem_l,-0.04109742302145825,0.3719578888251149,0.08
subject11,walkingTS1,vasmed_l,0.5778434638658129,0.5778434638658129,0.0
subject11,walkingTS1,vaslat_l,0.5967948307528445,0.5967948307528445,0.0
subject11,walkingTS1,semiten_l,-0.11488901913477004,0.28864339661189303,0.12
subject11,walkingTS1,bflh_l,0.5111183134515289,0.522130380614771,0.01
subject11,walkingTS1,glmed1_l,0.5288388208214948,0.5288388208214948,0.0
subject11,walkingTS1,soleus_r,0.8779644822497585,0.9158918809142135,0.03
subject11,walkingTS1,gasmed_r,0.3829905501346604,0.3829905501346604,0.0
subject11,walkingTS1,vasmed_r,0.48392965590044035,0.6866748181428635,0.03
subject11,walkingTS1,vaslat_r,0.5386678160178376,0.6542518664876955,0.04
subject11,walkingTS1,semiten_r,0.9296671607675783,0.9740349617354915,0.03
subject11,walkingTS1,bflh_r,0.9795576125936881,0.9795576125936881,0.0
subject11,walkingTS1,glmed1_r,0.7867059724385829,0.8166054043587891,0.03
subject11,walkingTS2,soleus_l,0.7486091734117453,0.750957677060571,0.01
subject11,walkingTS2,gasmed_l,0.3206146462324773,0.3206146462324773,0.0
subject11,walkingTS2,tibant_l,0.6029896677674111,0.7071298005533319,0.08
subject11,walkingTS2,recfem_l,-0.16433184582728452,-0.06506004026554953,0.08
subject11,walkingTS2,vasmed_l,0.11848799536586364,0.15810256087272495,0.06
subject11,walkingTS2,vaslat_l,0.4353442511342227,0.5954382481106005,0.08
subject11,walkingTS2,semiten_l,0.06388646148647778,0.17225352942271674,0.08
subject11,walkingTS2,bflh_l,0.4626644258152171,0.4626644258152171,0.0
subject11,walkingTS2,glmed1_l,-0.10977725440192553,0.07599628860773337,0.07
subject11,walkingTS2,soleus_r,0.8519775772189466,0.8791608414738706,0.03
subject11,walkingTS2,gasmed_r,0.6445570111157118,0.6445570111157118,0.0
subject11,walkingTS2,vasmed_r,0.8892163745190027,0.8892163745190027,0.0
subject11,walkingTS2,vaslat_r,0.7197299354984067,0.7197299354984067,0.0
subject11,walkingTS2,semiten_r,0.7813181470535832,0.9712850919954812,0.06
subject11,walkingTS2,bflh_r,0.7443522867307106,0.9540829574839433,0.08
subject11,walkingTS2,glmed1_r,0.7942383431908808,0.9019151810277225,0.07
subject11,walkingTS3,soleus_l,0.7366294284723434,0.7366294284723434,0.0
subject11,walkingTS3,gasmed_l,0.6332857456323863,0.6332857456323863,0.0
subject11,walkingTS3,tibant_l,0.0017982349730670986,0.0017982349730670986,0.0
subject11,walkingTS3,recfem_l,0.18804982975720458,0.47702217051440365,0.09
subject11,walkingTS3,vasmed_l,0.9383504908131224,0.9383504908131224,0.0
subject11,walkingTS3,vaslat_l,0.8844843293190464,0.8844843293190464,0.0
subject11,walkingTS3,semiten_l,0.17512023540579336,0.42265483265299425,0.09
subject11,walkingTS3,bflh_l,0.5772884152615658,0.592410131138462,0.08
subject11,walkingTS3,glmed1_l,-0.1462575100127827,-0.13832596718172116,0.03
subject11,walkingTS3,soleus_r,0.634888736429186,0.9330794016511741,0.07
subject11,walkingTS3,gasmed_r,0.7807770041189234,0.7984173067840489,0.02
subject11,walkingTS3,vasmed_r,0.6077608796514928,0.6077608796514928,0.0
subject11,walkingTS3,vaslat_r,0.5676283662132097,0.6005871299326945,0.08
subject11,walkingTS3,semiten_r,0.9084608590100088,0.9412753347742527,0.03
subject11,walkingTS3,bflh_r,0.9005356728442536,0.9005356728442536,0.0
subject11,walkingTS3,glmed1_r,0.9271342036431267,0.9370095119240479,0.03
